GEO.id,GEO.id2,GEO.display-label,rescen42010,resbase42010,respop72010,respop72011,respop72012,respop72013,respop72014,respop72015,respop72016,respop72017
Id,Id2,Geography,"April 1, 2010 - Census","April 1, 2010 - Estimates Base",Population Estimate (as of July 1) - 2010,Population Estimate (as of July 1) - 2011,Population Estimate (as of July 1) - 2012,Population Estimate (as of July 1) - 2013,Population Estimate (as of July 1) - 2014,Population Estimate (as of July 1) - 2015,Population Estimate (as of July 1) - 2016,Population Estimate (as of July 1) - 2017
1620000US3600199,3600199,"Adams village, New York",1775,1783,1790,1815,1852,1830,1827,1812,1759,1761
1620000US3600276,3600276,"Addison village, New York",1763,1763,1762,1760,1746,1738,1724,1709,1696,1685
1620000US3600342,3600342,"Afton village, New York",822,831,829,827,823,817,815,809,804,798
1620000US3600408,3600408,"Airmont village, New York",8628,8625,8646,8729,8766,8821,8851,8863,8859,8888
1620000US3600441,3600441,"Akron village, New York",2868,2890,2889,2882,2882,2887,2887,2877,2875,2874
1620000US3601000,3601000,"Albany city, New York",97856,97840,97756,98025,98550,98734,98673,98478,98387,98251
1620000US3601033,3601033,"Albion village, New York",6056,6073,6074,5980,5952,6062,6058,5991,5957,5902
1620000US3601088,3601088,"Alden village, New York",2605,2605,2604,2600,2613,2612,2602,2594,2581,2582
1620000US3601154,3601154,"Alexander village, New York",509,509,511,510,508,503,499,501,498,495
1620000US3601187,3601187,"Alexandria Bay village, New York",1078,1077,1076,1090,1113,1099,1097,1088,1056,1057
1620000US3601198,3601198,"Alfred village, New York",4174,4175,4176,4122,4051,4029,4063,4054,4050,4041
1620000US3601286,3601286,"Allegany village, New York",1816,1805,1802,1789,1776,1766,1755,1736,1728,1714
1620000US3601440,3601440,"Almond village, New York",466,466,466,464,459,457,454,450,445,442
1620000US3601517,3601517,"Altamont village, New York",1720,1717,1716,1718,1718,1719,1717,1709,1714,1708
1620000US3601737,3601737,"Ames village, New York",145,145,145,143,142,141,141,140,140,139
1620000US3602044,3602044,"Amityville village, New York",9523,9500,9510,9538,9523,9515,9494,9461,9542,9524
1620000US3602066,3602066,"Amsterdam city, New York",18620,18604,18612,18370,18246,18111,18060,17977,17870,17844
1620000US3602143,3602143,"Andover village, New York",1042,1041,1042,1037,1029,1023,1016,1007,1000,994
1620000US3602176,3602176,"Angelica village, New York",869,869,870,866,857,852,846,839,833,832
1620000US3602198,3602198,"Angola village, New York",2127,2136,2135,2134,2135,2136,2134,2127,2121,2119
1620000US3602286,3602286,"Antwerp village, New York",686,671,673,683,697,689,686,681,661,663
1620000US3602407,3602407,"Arcade village, New York",2071,2067,2063,2046,2038,2016,1992,1980,1962,1965
1620000US3602506,3602506,"Ardsley village, New York",4452,4408,4416,4451,4463,4493,4507,4583,4599,4589
1620000US3602550,3602550,"Argyle village, New York",306,302,302,302,300,300,298,298,295,294
1620000US3602583,3602583,"Arkport village, New York",844,845,845,845,838,833,827,817,811,805
1620000US3602737,3602737,"Asharoken village, New York",654,654,657,661,658,658,657,657,655,651
1620000US3602902,3602902,"Athens village, New York",1668,1673,1669,1658,1644,1634,1618,1619,1609,1603
1620000US3602968,3602968,"Atlantic Beach village, New York",1891,1888,1891,1899,1906,1910,1913,1916,1917,1922
1620000US3603001,3603001,"Attica village, New York",2547,2538,2541,2523,2518,2497,2472,2461,2438,2440
1620000US3603078,3603078,"Auburn city, New York",27687,27688,27663,27546,27356,27180,27068,27019,26779,26704
1620000US3603188,3603188,"Aurora village, New York",724,724,724,695,778,703,724,724,722,722
1620000US3603331,3603331,"Avoca village, New York",946,946,946,948,938,935,926,920,913,905
1620000US3603353,3603353,"Avon village, New York",3394,3381,3375,3360,3350,3326,3316,3304,3282,3252
1620000US3603408,3603408,"Babylon village, New York",12166,12160,12177,12208,12191,12192,12182,12173,12140,12145
1620000US3604033,3604033,"Bainbridge village, New York",1355,1365,1361,1357,1352,1343,1339,1327,1321,1311
1620000US3604198,3604198,"Baldwinsville village, New York",7378,7273,7279,7278,7358,7377,7380,7452,7584,7885
1620000US3604253,3604253,"Ballston Spa village, New York",5409,5416,5421,5425,5424,5419,5395,5400,5346,5340
1620000US3604440,3604440,"Barker village, New York",533,533,532,530,527,522,519,516,515,513
1620000US3604528,3604528,"Barneveld village, New York",284,284,284,283,285,284,283,281,280,279
1620000US3604715,3604715,"Batavia city, New York",15465,15398,15351,15327,15252,15081,14961,14892,14736,14661
1620000US3604759,3604759,"Bath village, New York",5786,5789,5787,5795,5727,5708,5668,5615,5571,5533
1620000US3604803,3604803,"Baxter Estates village, New York",999,1047,1049,1052,1052,1060,1062,1063,1063,1063
1620000US3605034,3605034,"Bayville village, New York",6669,6668,6678,6707,6725,6738,6750,6760,6761,6771
1620000US3605100,3605100,"Beacon city, New York",15541,14604,14634,14558,14470,14308,14210,14341,14253,14289
1620000US3605639,3605639,"Bellerose village, New York",1193,1166,1168,1172,1175,1174,1177,1178,1178,1180
1620000US3605672,3605672,"Belle Terre village, New York",792,790,791,795,797,800,796,797,791,794
1620000US3605771,3605771,"Bellport village, New York",2084,2084,2086,2093,2091,2093,2089,2085,2081,2076
1620000US3605815,3605815,"Belmont village, New York",969,969,970,965,954,948,942,934,925,920
1620000US3605848,3605848,"Bemus Point village, New York",364,367,374,372,369,367,363,359,356,354
1620000US3606046,3606046,"Bergen village, New York",1176,1164,1162,1157,1153,1141,1132,1126,1111,1106
1620000US3606607,3606607,"Binghamton city, New York",47376,47410,47357,47007,46734,46571,46362,46012,45593,45179
1620000US3606794,3606794,"Black River village, New York",1348,1350,1357,1373,1404,1377,1357,1325,1284,1284
1620000US3606849,3606849,"Blasdell village, New York",2553,2583,2584,2592,2610,2621,2630,2633,2636,2657
1620000US3606945,3606945,"Bloomfield village, New York",1361,1363,1356,1352,1346,1343,1338,1330,1320,1311
1620000US3606959,3606959,"Bloomingburg village, New York",420,425,425,422,422,427,424,418,418,416
1620000US3607190,3607190,"Bolivar village, New York",1047,1047,1048,1043,1030,1025,1017,1008,1002,996
1620000US3607355,3607355,"Boonville village, New York",2072,2072,2068,2067,2068,2059,2053,2034,2030,2028
1620000US3608070,3608070,"Brewster village, New York",2390,2419,2419,2417,2405,2405,2396,2387,2376,2377
1620000US3608103,3608103,"Briarcliff Manor village, New York",7867,7854,7859,7931,7935,7948,7992,8036,8039,8021
1620000US3608323,3608323,"Brightwaters village, New York",3103,3098,3100,3114,3111,3109,3103,3094,3081,3083
1620000US3608422,3608422,"Broadalbin village, New York",1327,1355,1353,1344,1331,1316,1305,1298,1293,1293
1620000US3608466,3608466,"Brockport village, New York",8366,8362,8365,8306,8402,8391,8368,8349,8309,8299
1620000US3608488,3608488,"Brocton village, New York",1486,1483,1484,1489,1479,1471,1458,1442,1425,1418
1620000US3608532,3608532,"Bronxville village, New York",6323,6284,6294,6333,6345,6384,6400,6420,6421,6547
1620000US3610132,3610132,"Brookville village, New York",3465,3474,3478,3516,3526,3545,3553,3572,3592,3614
1620000US3610231,3610231,"Brownville village, New York",1119,1125,1128,1144,1168,1154,1153,1142,1110,1112
1620000US3610286,3610286,"Brushton village, New York",474,460,460,458,458,454,452,448,445,443
1620000US3610341,3610341,"Buchanan village, New York",2230,2220,2224,2239,2242,2257,2262,2268,2276,2275
1620000US3611000,3611000,"Buffalo city, New York",261310,261433,261385,260930,260534,260630,260463,259522,258463,258612
1620000US3611132,3611132,"Burdett village, New York",340,340,339,339,337,334,331,327,325,323
1620000US3611154,3611154,"Burke village, New York",211,203,203,202,202,203,202,200,199,200
1620000US3611704,3611704,"Caledonia village, New York",2201,2201,2196,2185,2172,2156,2145,2139,2127,2147
1620000US3611825,3611825,"Cambridge village, New York",1870,1870,1873,1865,1861,1851,1842,1837,1825,1817
1620000US3611847,3611847,"Camden village, New York",2231,2230,2230,2231,2226,2221,2210,2201,2190,2190
1620000US3611902,3611902,"Camillus village, New York",1213,1261,1261,1258,1250,1247,1242,1233,1224,1214
1620000US3612111,3612111,"Canajoharie village, New York",2229,2234,2236,2205,2192,2175,2167,2161,2147,2142
1620000US3612144,3612144,"Canandaigua city, New York",10545,10591,10553,10545,10509,10498,10470,10419,10343,10289
1620000US3612177,3612177,"Canaseraga village, New York",550,546,546,544,538,535,529,525,521,518
1620000US3612188,3612188,"Canastota village, New York",4804,4785,4779,4754,4722,4713,4687,4643,4610,4566
1620000US3612210,3612210,"Candor village, New York",851,851,850,847,835,830,822,814,800,794
1620000US3612254,3612254,"Canisteo village, New York",2270,2272,2271,2271,2251,2243,2224,2204,2185,2170
1620000US3612331,3612331,"Canton village, New York",6314,6340,6342,6704,6755,6642,6587,6555,6511,6487
1620000US3612353,3612353,"Cape Vincent village, New York",726,723,726,736,752,742,741,734,712,713
1620000US3612683,3612683,"Carthage village, New York",3747,3651,3666,3687,3741,3671,3627,3544,3428,3425
1620000US3612749,3612749,"Cassadaga village, New York",634,641,640,634,632,627,622,617,611,607
1620000US3612771,3612771,"Castile village, New York",1015,1009,1008,1003,1000,992,983,978,975,975
1620000US3612870,3612870,"Castleton-on-Hudson village, New York",1473,1481,1475,1474,1472,1473,1475,1476,1475,1471
1620000US3612881,3612881,"Castorland village, New York",351,351,350,353,353,353,354,349,347,346
1620000US3612958,3612958,"Cato village, New York",532,532,532,529,527,525,520,516,512,509
1620000US3613002,3613002,"Catskill village, New York",4081,4069,4053,4029,3986,3950,3914,3885,3848,3833
1620000US3613024,3613024,"Cattaraugus village, New York",1002,969,968,960,953,947,944,934,930,922
1620000US3613068,3613068,"Cayuga village, New York",549,549,548,546,544,541,535,530,526,523
1620000US3613079,3613079,"Cayuga Heights village, New York",3729,3730,3735,3738,3766,3779,3769,3793,3784,3751
1620000US3613145,3613145,"Cazenovia village, New York",2835,2831,2830,2771,2767,2828,2862,2855,2849,2840
1620000US3613233,3613233,"Cedarhurst village, New York",6592,6585,6595,6616,6629,6670,6687,6694,6704,6730
1620000US3613288,3613288,"Celoron village, New York",1112,1101,1099,1093,1086,1079,1074,1063,1052,1045
1620000US3613585,3613585,"Central Square village, New York",1848,1848,1848,1843,1834,1826,1812,1801,1784,1778
1620000US3613618,3613618,"Centre Island village, New York",410,410,411,412,413,414,415,415,414,414
1620000US3613739,3613739,"Champlain village, New York",1101,1098,1098,1093,1088,1084,1078,1070,1064,1063
1620000US3613981,3613981,"Chateaugay village, New York",833,838,838,836,836,828,826,818,813,810
1620000US3614003,3614003,"Chatham village, New York",1770,1773,1771,1751,1745,1732,1717,1701,1676,1658
1620000US3614036,3614036,"Chaumont village, New York",624,626,628,632,643,631,623,614,598,596
1620000US3615187,3615187,"Cherry Creek village, New York",461,461,462,463,460,458,452,447,443,441
1620000US3615242,3615242,"Cherry Valley village, New York",520,517,517,514,511,510,506,501,495,493
1620000US3615297,3615297,"Chester village, New York",3969,3935,3941,3926,3898,3886,3884,3888,3965,4129
1620000US3615400,3615400,"Chestnut Ridge village, New York",7916,7916,7935,8007,8034,8088,8119,8144,8130,8156
1620000US3615561,3615561,"Chittenango village, New York",5081,5075,5078,5054,5029,5019,4989,4950,4911,4888
1620000US3615638,3615638,"Churchville village, New York",1961,1972,1986,1993,1985,1989,1993,2026,2035,2079
1620000US3616089,3616089,"Clayton village, New York",1978,1979,1986,2013,2045,2008,1979,1935,1877,1875
1620000US3616111,3616111,"Clayville village, New York",350,353,353,352,351,350,348,347,345,343
1620000US3616188,3616188,"Cleveland village, New York",750,751,751,751,748,744,738,732,725,721
1620000US3616375,3616375,"Clifton Springs village, New York",2127,2106,2104,2099,2091,2087,2085,2064,2049,2041
1620000US3616419,3616419,"Clinton village, New York",1942,1792,1791,1784,1781,1775,1765,1754,1745,1742
1620000US3616573,3616573,"Clyde village, New York",2093,2093,2089,2065,2054,2036,2025,2003,1987,1990
1620000US3616628,3616628,"Cobleskill village, New York",4678,4682,4675,4599,4547,4566,4609,4564,4564,4551
1620000US3616727,3616727,"Cohocton village, New York",838,838,838,838,831,826,822,815,809,805
1620000US3616749,3616749,"Cohoes city, New York",16168,16167,16166,16195,16226,16249,16252,16541,16919,16875
1620000US3616815,3616815,"Cold Brook village, New York",329,328,328,327,326,323,320,316,313,311
1620000US3616936,3616936,"Cold Spring village, New York",2013,2009,2009,2008,1998,1995,1989,1980,1971,1971
1620000US3617332,3617332,"Colonie village, New York",7793,7793,7803,7822,7876,7918,7906,7880,7836,7809
1620000US3617882,3617882,"Constableville village, New York",242,242,242,243,244,244,242,241,239,239
1620000US3618047,3618047,"Cooperstown village, New York",1852,1853,1853,1842,1835,1830,1814,1796,1778,1769
1620000US3618135,3618135,"Copenhagen village, New York",801,801,802,800,806,803,802,795,790,787
1620000US3618201,3618201,"Corfu village, New York",709,707,719,721,721,724,718,714,710,705
1620000US3618212,3618212,"Corinth village, New York",2559,2567,2569,2567,2555,2546,2533,2528,2496,2495
1620000US3618256,3618256,"Corning city, New York",11183,11186,11185,11183,11102,11061,10965,10873,10784,10709
1620000US3618333,3618333,"Cornwall-on-Hudson village, New York",3018,2983,2988,2977,2958,2945,2945,2939,2938,2942
1620000US3618388,3618388,"Cortland city, New York",19204,19182,19177,19294,19097,19158,19043,18865,18773,18698
1620000US3618597,3618597,"Cove Neck village, New York",286,294,294,296,296,297,304,306,304,304
1620000US3618718,3618718,"Coxsackie village, New York",2813,2816,2807,2799,2767,2747,2722,2701,2685,2676
1620000US3619070,3619070,"Croghan village, New York",618,611,610,611,616,613,612,605,603,601
1620000US3619213,3619213,"Croton-on-Hudson village, New York",8070,8070,8081,8133,8148,8209,8231,8259,8261,8258
1620000US3619356,3619356,"Cuba village, New York",1575,1571,1574,1575,1556,1550,1539,1527,1515,1507
1620000US3619642,3619642,"Dannemora village, New York",3936,3952,3924,3830,3843,3805,3746,3622,3661,3665
1620000US3619664,3619664,"Dansville village, New York",4719,4690,4677,4644,4616,4579,4555,4538,4512,4463
1620000US3619994,3619994,"Deferiet village, New York",294,294,295,299,307,301,301,299,289,289
1620000US3620082,3620082,"Delanson village, New York",377,373,373,373,373,372,369,370,372,381
1620000US3620115,3620115,"Delevan village, New York",1089,1093,1091,1083,1075,1071,1065,1054,1049,1042
1620000US3620126,3620126,"Delhi village, New York",3087,3087,3081,3039,3050,3085,3173,3148,3128,3111
1620000US3620313,3620313,"Depew village, New York",15303,15436,15431,15408,15384,15393,15353,15285,15215,15193
1620000US3620346,3620346,"Deposit village, New York",1663,1660,1657,1646,1634,1622,1609,1591,1573,1556
1620000US3620379,3620379,"Dering Harbor village, New York",11,11,11,11,11,11,11,11,11,11
1620000US3620390,3620390,"DeRuyter village, New York",558,554,553,551,545,544,541,536,532,525
1620000US3620500,3620500,"Dexter village, New York",1052,1044,1049,1066,1100,1096,1093,1067,1033,1031
1620000US3620698,3620698,"Dobbs Ferry village, New York",10875,10891,10908,10974,11008,11080,11124,11153,11168,11147
1620000US3620731,3620731,"Dolgeville village, New York",2206,2202,2201,2192,2183,2165,2146,2118,2107,2098
1620000US3620896,3620896,"Dresden village, New York",308,304,303,302,300,299,297,293,294,295
1620000US3620951,3620951,"Dryden village, New York",1890,1891,1894,1899,1919,2083,2084,2076,2072,2159
1620000US3621050,3621050,"Dundee village, New York",1725,1726,1722,1716,1700,1687,1678,1667,1661,1650
1620000US3621105,3621105,"Dunkirk city, New York",12563,12549,12521,12442,12358,12291,12188,12046,11916,11848
1620000US3621523,3621523,"Earlville village, New York",872,872,870,866,858,853,847,834,824,815
1620000US3621589,3621589,"East Aurora village, New York",6236,6194,6208,6219,6224,6220,6213,6237,6236,6250
1620000US3622183,3622183,"East Hampton village, New York",1083,1073,1074,1086,1090,1098,1103,1112,1117,1123
1620000US3622260,3622260,"East Hills village, New York",6955,6946,6959,6990,7031,7066,7094,7150,7192,7238
1620000US3622557,3622557,"East Nassau village, New York",587,589,588,585,584,583,582,580,575,575
1620000US3622865,3622865,"East Rochester village, New York",6587,6601,6607,6685,6710,6713,6690,6656,6605,6583
1620000US3622876,3622876,"East Rockaway village, New York",9818,9744,9764,9791,9813,9827,9846,9852,9848,9863
1620000US3623052,3623052,"East Syracuse village, New York",3084,3084,3085,3075,3059,3050,3037,3020,2994,2971
1620000US3623217,3623217,"East Williston village, New York",2556,2560,2564,2573,2579,2582,2588,2587,2588,2590
1620000US3623745,3623745,"Elba village, New York",676,673,674,673,670,664,659,657,650,647
1620000US3623789,3623789,"Elbridge village, New York",1058,1053,1053,1050,1046,1043,1036,1031,1023,1017
1620000US3623965,3623965,"Ellenville village, New York",4135,4138,4138,4163,4132,4118,4106,4078,4052,4037
1620000US3624020,3624020,"Ellicottville village, New York",376,378,377,379,382,382,389,388,388,388
1620000US3624075,3624075,"Ellisburg village, New York",244,244,245,249,253,249,250,247,239,241
1620000US3624229,3624229,"Elmira city, New York",29200,29237,29344,29245,29233,28945,28517,28316,27946,27773
1620000US3624251,3624251,"Elmira Heights village, New York",4097,4097,4098,4091,4088,4041,3995,3973,3921,3893
1620000US3624295,3624295,"Elmsford village, New York",4664,4682,4690,4721,4760,4772,4787,4814,5040,5287
1620000US3624515,3624515,"Endicott village, New York",13392,13377,13360,13262,13194,13137,13074,12978,12946,12828
1620000US3624713,3624713,"Esperance village, New York",345,354,353,355,352,351,347,345,344,341
1620000US3624823,3624823,"Evans Mills village, New York",621,611,613,617,630,616,608,595,576,574
1620000US3624867,3624867,"Fabius village, New York",352,352,352,351,350,349,345,345,343,338
1620000US3624988,3624988,"Fair Haven village, New York",745,745,744,741,741,740,734,728,725,727
1620000US3625076,3625076,"Fairport village, New York",5353,5358,5354,5358,5363,5375,5372,5342,5403,5384
1620000US3625164,3625164,"Falconer village, New York",2420,2420,2415,2403,2385,2375,2352,2324,2301,2287
1620000US3625384,3625384,"Farmingdale village, New York",8189,8207,8219,8248,8261,8271,8644,8696,8887,9094
1620000US3625428,3625428,"Farnham village, New York",382,383,383,382,382,382,381,380,376,375
1620000US3625527,3625527,"Fayetteville village, New York",4373,4249,4252,4245,4235,4223,4209,4187,4157,4133
1620000US3625967,3625967,"Fishkill village, New York",2171,2169,2170,2172,2160,2152,2137,2127,2117,2119
1620000US3626209,3626209,"Fleischmanns village, New York",351,348,347,345,341,339,336,330,325,322
1620000US3626264,3626264,"Floral Park village, New York",15863,15884,15907,15959,15989,16021,16059,16064,16066,16103
1620000US3626319,3626319,"Florida village, New York",2833,2801,2804,2793,2809,2827,2856,2868,2863,2863
1620000US3626352,3626352,"Flower Hill village, New York",4665,4626,4636,4671,4697,4724,4768,4799,4826,4869
1620000US3626462,3626462,"Fonda village, New York",795,788,789,779,774,769,767,764,759,759
1620000US3626704,3626704,"Fort Ann village, New York",484,484,484,483,483,481,477,477,475,472
1620000US3626770,3626770,"Fort Edward village, New York",3375,3370,3379,3366,3361,3345,3334,3321,3302,3290
1620000US3626880,3626880,"Fort Johnson village, New York",490,488,488,482,479,474,472,471,468,467
1620000US3626924,3626924,"Fort Plain village, New York",2322,2331,2333,2301,2285,2269,2261,2251,2236,2232
1620000US3627188,3627188,"Frankfort village, New York",2598,2598,2597,2587,2575,2555,2530,2496,2484,2471
1620000US3627221,3627221,"Franklin village, New York",374,374,373,370,367,364,360,354,348,346
1620000US3627331,3627331,"Franklinville village, New York",1740,1743,1740,1728,1717,1708,1699,1681,1673,1660
1620000US3627419,3627419,"Fredonia village, New York",11230,11242,11233,11111,10927,10856,10781,10690,10614,10567
1620000US3627485,3627485,"Freeport village, New York",42860,42839,42889,43104,43186,43268,43342,43385,43432,43508
1620000US3627529,3627529,"Freeville village, New York",520,520,521,521,526,528,526,521,520,515
1620000US3627815,3627815,"Fulton city, New York",11896,11896,11903,11853,11786,11715,11622,11517,11394,11324
1620000US3627859,3627859,"Fultonville village, New York",784,788,789,785,787,791,789,784,779,778
1620000US3627969,3627969,"Gainesville village, New York",229,233,232,231,230,228,226,225,223,221
1620000US3628101,3628101,"Galway village, New York",200,200,200,202,202,201,200,200,197,197
1620000US3628178,3628178,"Garden City village, New York",22371,22315,22347,22504,22695,22728,22744,22635,22669,22698
1620000US3628618,3628618,"Geneseo village, New York",8031,8039,8038,7984,7976,8116,8150,8166,8153,8165
1620000US3628640,3628640,"Geneva city, New York",13261,13272,13207,13234,13193,13186,13127,13053,12969,12886
1620000US3628959,3628959,"Gilbertsville village, New York",399,399,399,396,393,392,388,382,378,375
1620000US3629113,3629113,"Glen Cove city, New York",26964,26952,26990,27112,27167,27240,27310,27405,27433,27500
1620000US3629322,3629322,"Glen Park village, New York",502,496,497,503,515,508,508,505,489,491
1620000US3629333,3629333,"Glens Falls city, New York",14700,14702,14693,14696,14607,14527,14454,14285,14377,14439
1620000US3629443,3629443,"Gloversville city, New York",15665,15634,15607,15514,15383,15259,15090,15005,14934,14951
1620000US3629542,3629542,"Goshen village, New York",5454,5441,5452,5432,5396,5385,5388,5388,5390,5383
1620000US3629597,3629597,"Gouverneur village, New York",3949,3939,3942,3928,3914,3886,3818,3791,3749,3731
1620000US3629630,3629630,"Gowanda village, New York",2709,2724,2713,2709,2692,2683,2666,2648,2635,2622
1620000US3629872,3629872,"Grand View-on-Hudson village, New York",285,288,289,291,292,294,297,298,295,298
1620000US3630026,3630026,"Granville village, New York",2543,2535,2544,2522,2505,2497,2482,2481,2468,2458
1620000US3630169,3630169,"Great Neck village, New York",9989,10068,10085,10135,10168,10203,10239,10251,10269,10303
1620000US3630191,3630191,"Great Neck Estates village, New York",2761,2761,2768,2781,2794,2812,2827,2844,2861,2881
1620000US3630213,3630213,"Great Neck Plaza village, New York",6707,6715,6734,6745,6907,6906,6933,6937,7017,7025
1620000US3630411,3630411,"Greene village, New York",1580,1577,1572,1566,1554,1537,1523,1495,1468,1449
1620000US3630521,3630521,"Green Island village, New York",2620,2620,2618,2620,2627,2628,2625,2615,2609,2604
1620000US3630576,3630576,"Greenport village, New York",2197,2201,2202,2207,2207,2216,2218,2213,2222,2230
1620000US3630675,3630675,"Greenwich village, New York",1777,1776,1779,1772,1767,1758,1752,1748,1734,1728
1620000US3630752,3630752,"Greenwood Lake village, New York",3154,3154,3157,3145,3129,3119,3114,3113,3107,3106
1620000US3630961,3630961,"Groton village, New York",2363,2362,2366,2365,2390,2407,2400,2379,2380,2358
1620000US3631291,3631291,"Hagaman village, New York",1292,1297,1298,1295,1296,1295,1296,1290,1282,1281
1620000US3631643,3631643,"Hamburg village, New York",9409,9422,9426,9457,9522,9563,9593,9603,9614,9696
1620000US3631709,3631709,"Hamilton village, New York",4239,4237,4232,4221,4173,4210,4191,4144,4127,4108
1620000US3631830,3631830,"Hammond village, New York",280,280,280,281,280,281,280,275,276,274
1620000US3631852,3631852,"Hammondsport village, New York",661,661,661,661,654,652,647,641,635,630
1620000US3631940,3631940,"Hancock village, New York",1031,1031,1029,1021,1011,1004,992,976,964,954
1620000US3632017,3632017,"Hannibal village, New York",555,555,555,553,550,546,542,538,535,534
1620000US3632325,3632325,"Harriman village, New York",2424,2420,2423,2455,2478,2464,2459,2468,2461,2456
1620000US3632402,3632402,"Harrison village, New York",27472,27486,27534,27698,27838,27996,28207,28348,28444,28587
1620000US3632424,3632424,"Harrisville village, New York",628,624,623,625,628,627,625,620,616,612
1620000US3632710,3632710,"Hastings-on-Hudson village, New York",7849,7838,7857,7897,7907,7972,8001,8011,8019,8008
1620000US3632754,3632754,"Haverstraw village, New York",11910,11910,11939,12029,12073,12140,12183,12212,12180,12216
1620000US3632963,3632963,"Head of the Harbor village, New York",1472,1482,1486,1490,1488,1489,1489,1485,1482,1482
1620000US3633139,3633139,"Hempstead village, New York",53891,54001,54074,54221,55068,55625,55705,55700,55735,55806
1620000US3634121,3634121,"Herkimer village, New York",7743,7737,7731,7707,7672,7625,7562,7472,7415,7380
1620000US3634165,3634165,"Hermon village, New York",422,420,420,421,419,419,416,414,408,405
1620000US3634220,3634220,"Herrings village, New York",90,90,90,91,92,91,92,90,90,90
1620000US3634264,3634264,"Heuvelton village, New York",714,717,716,712,712,708,717,727,733,727
1620000US3634297,3634297,"Hewlett Bay Park village, New York",404,409,410,417,418,427,431,434,434,435
1620000US3634308,3634308,"Hewlett Harbor village, New York",1263,1269,1271,1275,1278,1279,1281,1282,1283,1288
1620000US3634319,3634319,"Hewlett Neck village, New York",445,451,452,453,457,470,476,474,474,475
1620000US3634495,3634495,"Highland Falls village, New York",3900,3887,3891,3880,3855,3840,3842,3845,3843,3845
1620000US3634660,3634660,"Hillburn village, New York",951,961,963,980,983,989,991,996,997,1000
1620000US3634847,3634847,"Hilton village, New York",5886,5879,5929,5946,5939,5943,5931,5905,5868,5855
1620000US3634979,3634979,"Hobart village, New York",441,436,435,432,428,422,417,411,406,400
1620000US3635144,3635144,"Holland Patent village, New York",458,458,458,458,458,457,456,454,453,451
1620000US3635155,3635155,"Holley village, New York",1811,1811,1809,1798,1783,1768,1750,1732,1722,1705
1620000US3635276,3635276,"Homer village, New York",3291,3290,3288,3273,3251,3225,3210,3173,3140,3126
1620000US3635364,3635364,"Honeoye Falls village, New York",2674,2683,2685,2706,2712,2712,2712,2707,2814,2803
1620000US3635474,3635474,"Hoosick Falls village, New York",3501,3495,3492,3472,3458,3448,3443,3436,3414,3399
1620000US3635672,3635672,"Hornell city, New York",8563,8570,8577,8569,8512,8473,8406,8335,8271,8212
1620000US3635694,3635694,"Horseheads village, New York",6461,6436,6437,6432,6613,6636,6622,6588,6504,6460
1620000US3635969,3635969,"Hudson city, New York",6713,6712,6722,6630,6677,6609,6575,6521,6300,6239
1620000US3635980,3635980,"Hudson Falls village, New York",7281,7290,7297,7249,7211,7278,7226,7186,7120,7099
1620000US3636167,3636167,"Hunter village, New York",502,496,494,492,487,485,481,477,477,475
1620000US3637022,3637022,"Huntington Bay village, New York",1425,1443,1444,1451,1451,1452,1449,1446,1440,1437
1620000US3637275,3637275,"Ilion village, New York",8053,8185,8179,8162,8132,8051,7973,7870,7834,7790
1620000US3637528,3637528,"Interlaken village, New York",602,605,603,604,603,625,623,617,610,605
1620000US3637803,3637803,"Irvington village, New York",6420,6422,6433,6476,6506,6552,6579,6597,6607,6606
1620000US3637840,3637840,"Islandia village, New York",3335,3338,3341,3349,3345,3347,3376,3371,3355,3353
1620000US3637847,3637847,"Island Park village, New York",4655,4647,4647,4671,4664,4660,4736,4763,4810,4840
1620000US3638077,3638077,"Ithaca city, New York",30014,30020,30052,30205,30421,30582,30650,30649,30704,31006
1620000US3638264,3638264,"Jamestown city, New York",31146,31160,31080,30882,30728,30673,30403,30065,29759,29591
1620000US3638506,3638506,"Jeffersonville village, New York",359,359,359,356,353,352,346,341,342,340
1620000US3638748,3638748,"Johnson City village, New York",15174,15174,15154,15040,14967,14894,14848,14732,14639,14508
1620000US3638781,3638781,"Johnstown city, New York",8743,8657,8668,8645,8585,8471,8379,8321,8302,8314
1620000US3638825,3638825,"Jordan village, New York",1368,1366,1366,1365,1357,1353,1347,1340,1328,1317
1620000US3638934,3638934,"Kaser village, New York",4724,4713,4740,4880,4941,4961,4986,5097,5327,5343
1620000US3639232,3639232,"Kenmore village, New York",15423,15502,15495,15461,15430,15427,15385,15314,15242,15217
1620000US3639309,3639309,"Kensington village, New York",1161,1149,1153,1157,1160,1171,1176,1174,1180,1187
1620000US3639562,3639562,"Kinderhook village, New York",1211,1210,1209,1198,1196,1188,1186,1175,1158,1150
1620000US3639694,3639694,"Kings Point village, New York",5005,5079,5098,5101,5094,5116,5136,5180,5218,5273
1620000US3639727,3639727,"Kingston city, New York",23893,23863,23826,23769,23709,23635,23599,23428,23252,23169
1620000US3639853,3639853,"Kiryas Joel village, New York",20175,20039,20070,20283,21148,21635,22016,22586,23584,24155
1620000US3640189,3640189,"Lackawanna city, New York",18141,18151,18145,18104,18073,18074,18026,18035,17950,17934
1620000US3640200,3640200,"Lacona village, New York",582,582,582,580,576,573,569,564,556,553
1620000US3640508,3640508,"Lake George village, New York",906,906,906,907,905,900,897,888,885,883
1620000US3640530,3640530,"Lake Grove village, New York",11163,11188,11203,11236,11225,11234,11220,11206,11170,11155
1620000US3640761,3640761,"Lake Placid village, New York",2521,2529,2527,2522,2493,2471,2451,2438,2425,2414
1620000US3640937,3640937,"Lake Success village, New York",2934,2984,2992,3019,3050,3083,3094,3105,3116,3147
1620000US3641069,3641069,"Lakewood village, New York",3002,2989,2983,2964,2959,2945,2923,2889,2859,2842
1620000US3641135,3641135,"Lancaster village, New York",10352,10297,10294,10270,10250,10254,10250,10212,10195,10179
1620000US3641223,3641223,"Lansing village, New York",3529,3547,3553,3572,3615,3627,3625,3607,3600,3571
1620000US3641333,3641333,"Larchmont village, New York",5864,5857,5864,5901,5920,5969,6128,6147,6170,6157
1620000US3641432,3641432,"Lattingtown village, New York",1739,1741,1743,1752,1754,1766,1777,1783,1787,1790
1620000US3641487,3641487,"Laurel Hollow village, New York",1952,1948,1954,1979,1992,2003,2007,2026,2036,2046
1620000US3641520,3641520,"Laurens village, New York",263,261,261,259,259,256,256,253,250,248
1620000US3641553,3641553,"Lawrence village, New York",6483,6437,6449,6481,6508,6523,6549,6554,6584,6607
1620000US3641872,3641872,"Leicester village, New York",468,465,464,465,462,459,457,455,452,447
1620000US3642026,3642026,"Le Roy village, New York",4391,4387,4383,4371,4364,4314,4282,4270,4210,4188
1620000US3642147,3642147,"Lewiston village, New York",2701,2704,2702,2609,2604,2603,2600,2592,2588,2579
1620000US3642224,3642224,"Liberty village, New York",4392,4361,4361,4320,4298,4285,4205,4139,4138,4125
1620000US3642323,3642323,"Lima village, New York",2139,2137,2133,2121,2114,2099,2094,2086,2077,2068
1620000US3642554,3642554,"Lindenhurst village, New York",27253,27258,27277,27344,27305,27361,27333,27287,27167,27153
1620000US3642642,3642642,"Lisle village, New York",320,320,320,318,316,315,313,311,306,306
1620000US3642741,3642741,"Little Falls city, New York",4946,4947,4943,4925,4902,4866,4823,4760,4740,4716
1620000US3642829,3642829,"Little Valley village, New York",1143,1140,1138,1133,1125,1119,1115,1109,1112,1105
1620000US3642884,3642884,"Liverpool village, New York",2347,2334,2335,2327,2316,2308,2300,2286,2267,2250
1620000US3642950,3642950,"Livonia village, New York",1409,1403,1400,1391,1385,1375,1368,1365,1359,1356
1620000US3643005,3643005,"Lloyd Harbor village, New York",3660,3677,3680,3699,3700,3701,3700,3700,3696,3695
1620000US3643082,3643082,"Lockport city, New York",21165,21187,21161,21051,20972,20910,20784,20646,20545,20569
1620000US3643214,3643214,"Lodi village, New York",291,291,290,290,293,299,296,295,295,291
1620000US3643335,3643335,"Long Beach city, New York",33275,33327,33394,33517,33417,33533,33727,33639,33675,33750
1620000US3643720,3643720,"Lowville village, New York",3470,3470,3468,3441,3456,3437,3434,3398,3374,3362
1620000US3643874,3643874,"Lynbrook village, New York",19427,19481,19512,19575,19616,19653,19688,19692,19694,19716
1620000US3643918,3643918,"Lyndonville village, New York",838,838,839,832,825,820,810,801,796,789
1620000US3644006,3644006,"Lyons Falls village, New York",566,566,567,565,570,567,569,563,560,557
1620000US3644149,3644149,"Macedon village, New York",1523,1523,1520,1514,1507,1497,1489,1475,1465,1462
1620000US3644193,3644193,"McGraw village, New York",1053,1043,1042,1036,1029,1021,1016,1003,992,987
1620000US3644424,3644424,"Madison village, New York",305,302,302,300,298,298,294,292,289,287
1620000US3644710,3644710,"Malone village, New York",5911,5917,5913,5881,5877,5832,5799,5729,5700,5674
1620000US3644787,3644787,"Malverne village, New York",8514,8512,8522,8550,8565,8582,8595,8598,8598,8613
1620000US3644831,3644831,"Mamaroneck village, New York",18929,18886,18917,19036,19085,19217,19274,19342,19420,19423
1620000US3644853,3644853,"Manchester village, New York",1709,1691,1682,1678,1672,1679,1672,1662,1648,1636
1620000US3645018,3645018,"Manlius village, New York",4704,4655,4656,4642,4632,4626,4604,4578,4540,4503
1620000US3645073,3645073,"Mannsville village, New York",354,350,351,356,364,360,359,356,344,346
1620000US3645106,3645106,"Manorhaven village, New York",6556,6454,6468,6497,6515,6556,6590,6628,6650,6718
1620000US3645392,3645392,"Marathon village, New York",919,916,916,914,905,900,895,884,875,869
1620000US3645480,3645480,"Marcellus village, New York",1813,1828,1828,1824,1815,1808,1801,1789,1778,1764
1620000US3645557,3645557,"Margaretville village, New York",596,596,591,591,594,590,582,567,565,560
1620000US3645997,3645997,"Massapequa Park village, New York",17008,17006,17034,17101,17139,17174,17208,17222,17228,17266
1620000US3646019,3646019,"Massena village, New York",10936,10938,10922,10894,10866,10792,10703,10584,10446,10368
1620000US3646085,3646085,"Mastic Beach village, New York",(X),14843,14858,14917,14910,14925,14898,14860,14794,14762
1620000US3646107,3646107,"Matinecock village, New York",810,818,819,822,824,823,828,831,834,838
1620000US3646162,3646162,"Maybrook village, New York",2958,2961,2967,2965,2951,3110,3113,3284,3425,3570
1620000US3646206,3646206,"Mayfield village, New York",832,841,840,835,828,816,808,803,797,801
1620000US3646239,3646239,"Mayville village, New York",1711,1704,1713,1688,1697,1695,1674,1662,1648,1642
1620000US3646360,3646360,"Mechanicville city, New York",5196,5199,5216,5254,5240,5217,5198,5198,5138,5130
1620000US3646415,3646415,"Medina village, New York",6065,6065,6062,6031,5988,5936,5880,5822,5787,5733
1620000US3646536,3646536,"Menands village, New York",3990,3992,3991,3987,3992,4000,3999,3984,3960,3946
1620000US3646646,3646646,"Meridian village, New York",309,309,309,307,306,305,302,300,297,296
1620000US3646811,3646811,"Mexico village, New York",1624,1617,1617,1613,1604,1597,1585,1572,1555,1547
1620000US3646866,3646866,"Middleburgh village, New York",1500,1493,1492,1491,1472,1460,1450,1430,1427,1424
1620000US3646998,3646998,"Middleport village, New York",1840,1840,1838,1827,1816,1807,1797,1789,1776,1766
1620000US3647042,3647042,"Middletown city, New York",28086,27905,27935,27866,27712,27620,27601,27709,27766,27891
1620000US3647108,3647108,"Middleville village, New York",512,512,512,515,511,511,506,500,498,495
1620000US3647229,3647229,"Milford village, New York",415,410,410,408,406,404,402,398,393,392
1620000US3647273,3647273,"Millbrook village, New York",1452,1455,1456,1457,1451,1443,1435,1425,1419,1418
1620000US3647361,3647361,"Millerton village, New York",958,960,961,960,956,950,945,940,933,936
1620000US3647405,3647405,"Mill Neck village, New York",997,945,949,952,954,959,961,966,971,977
1620000US3647427,3647427,"Millport village, New York",312,312,312,312,312,308,303,301,300,295
1620000US3647636,3647636,"Mineola village, New York",18799,18854,18881,18942,18985,19087,19128,19235,19328,19387
1620000US3647757,3647757,"Minoa village, New York",3449,3452,3460,3493,3503,3535,3540,3520,3504,3478
1620000US3647823,3647823,"Mohawk village, New York",2731,2702,2701,2691,2680,2658,2632,2598,2587,2572
1620000US3647988,3647988,"Monroe village, New York",8364,8355,8387,8442,8492,8567,8558,8627,8618,8630
1620000US3648090,3648090,"Montebello village, New York",4526,4525,4553,4587,4602,4630,4655,4670,4660,4671
1620000US3648142,3648142,"Montgomery village, New York",3814,3794,3815,3911,4068,4308,4586,4576,4564,4562
1620000US3648175,3648175,"Monticello village, New York",6726,6839,6829,6775,6723,6738,6583,6501,6486,6464
1620000US3648197,3648197,"Montour Falls village, New York",1711,1707,1703,1708,1708,1693,1678,1662,1648,1637
1620000US3648296,3648296,"Moravia village, New York",1282,1279,1280,1276,1268,1261,1249,1243,1228,1220
1620000US3648483,3648483,"Morris village, New York",583,583,582,580,577,577,571,565,560,558
1620000US3648571,3648571,"Morristown village, New York",395,395,395,393,394,392,389,386,383,381
1620000US3648593,3648593,"Morrisville village, New York",2199,2166,2163,1912,1875,1836,1765,1752,1743,1735
1620000US3648890,3648890,"Mount Kisco village, New York",10877,10767,10783,10852,10878,10954,10983,11013,11022,10998
1620000US3648945,3648945,"Mount Morris village, New York",2986,2978,2971,2952,2934,2913,2899,2889,2871,2839
1620000US3649121,3649121,"Mount Vernon city, New York",67292,67306,67416,67846,68021,68435,68610,68787,68824,68703
1620000US3649220,3649220,"Munnsville village, New York",474,488,487,485,482,481,479,472,470,464
1620000US3649231,3649231,"Munsey Park village, New York",2693,2711,2715,2725,2728,2735,2737,2739,2738,2746
1620000US3649330,3649330,"Muttontown village, New York",3497,3499,3507,3535,3587,3627,3651,3663,3671,3681
1620000US3649429,3649429,"Naples village, New York",1041,1044,1038,1036,1031,1029,1022,1019,1011,1006
1620000US3649506,3649506,"Nassau village, New York",1133,1136,1135,1128,1125,1124,1124,1119,1114,1109
1620000US3649748,3649748,"Nelliston village, New York",596,596,596,589,585,581,580,577,574,574
1620000US3649781,3649781,"Nelsonville village, New York",628,630,630,633,629,632,635,637,632,635
1620000US3649891,3649891,"Newark village, New York",9145,9325,9315,9247,9204,9136,9082,9012,8958,8919
1620000US3649902,3649902,"Newark Valley village, New York",997,999,998,993,977,971,963,954,939,930
1620000US3649946,3649946,"New Berlin village, New York",1028,1030,1027,1025,1019,1015,1011,1002,999,993
1620000US3650034,3650034,"Newburgh city, New York",28866,28905,28937,28907,28692,28558,28487,28439,28374,28363
1620000US3650298,3650298,"New Hartford village, New York",1847,1847,1845,1841,1838,1836,1849,1840,1833,1833
1620000US3650353,3650353,"New Hempstead village, New York",5132,5140,5152,5213,5234,5277,5296,5308,5433,5502
1620000US3650397,3650397,"New Hyde Park village, New York",9712,9776,9790,9825,9849,9870,9890,9897,9910,9953
1620000US3650551,3650551,"New Paltz village, New York",6818,6834,6844,7105,6982,7013,7061,7058,7044,7031
1620000US3650573,3650573,"Newport village, New York",640,640,640,638,635,630,625,617,614,611
1620000US3650617,3650617,"New Rochelle city, New York",77062,77096,77245,77802,78525,79605,79792,79987,80108,79946
1620000US3650705,3650705,"New Square village, New York",6944,6974,7013,7124,7355,7521,7664,8027,8309,8451
1620000US3651000,3651000,"New York city, New York",8175133,8174959,8193703,8292688,8383504,8458642,8521135,8582459,8615426,8622698
1620000US3651011,3651011,"New York Mills village, New York",3327,3330,3328,3334,3332,3324,3309,3295,3275,3273
1620000US3651055,3651055,"Niagara Falls city, New York",50193,50173,50139,49902,49677,49490,49252,48941,48687,48460
1620000US3651110,3651110,"Nichols village, New York",512,512,511,509,502,499,493,488,480,479
1620000US3651286,3651286,"Nissequogue village, New York",1749,1746,1750,1752,1750,1753,1755,1754,1749,1751
1620000US3651792,3651792,"North Collins village, New York",1232,1227,1227,1222,1223,1225,1223,1218,1213,1211
1620000US3652188,3652188,"North Haven village, New York",833,841,844,853,857,865,869,876,881,890
1620000US3653022,3653022,"North Hills village, New York",5075,5181,5188,5205,5228,5238,5255,5515,5782,5808
1620000US3653055,3653055,"North Hornell village, New York",778,781,783,771,777,763,754,753,750,746
1620000US3653396,3653396,"Northport village, New York",7401,7404,7410,7430,7428,7435,7424,7406,7379,7368
1620000US3653660,3653660,"North Syracuse village, New York",6800,6812,6829,6982,6949,6927,6894,6854,6797,6742
1620000US3653682,3653682,"North Tonawanda city, New York",31568,31574,31549,31422,31241,31092,30938,30762,30610,30475
1620000US3653770,3653770,"Northville village, New York",1099,1099,1099,1102,1097,1081,1072,1066,1059,1061
1620000US3653979,3653979,"Norwich city, New York",7190,7190,7169,7122,7070,6987,7000,6945,6817,6718
1620000US3654012,3654012,"Norwood village, New York",1657,1657,1656,1651,1646,1634,1625,1609,1590,1581
1620000US3654078,3654078,"Nunda village, New York",1377,1356,1353,1345,1338,1328,1321,1326,1320,1307
1620000US3654100,3654100,"Nyack village, New York",6765,6782,6799,6858,6888,6925,7018,7032,7016,7040
1620000US3654155,3654155,"Oakfield village, New York",1813,1813,1810,1804,1797,1776,1763,1753,1734,1723
1620000US3654430,3654430,"Ocean Beach village, New York",79,81,81,81,81,81,82,82,82,83
1620000US3654452,3654452,"Odessa village, New York",591,590,589,589,589,583,577,570,563,562
1620000US3654485,3654485,"Ogdensburg city, New York",11128,11129,11102,11038,11071,10969,10986,10875,10749,10687
1620000US3654562,3654562,"Old Brookville village, New York",2134,2112,2115,2135,2143,2154,2170,2184,2200,2207
1620000US3654617,3654617,"Old Field village, New York",918,918,919,924,923,923,919,917,913,914
1620000US3654705,3654705,"Old Westbury village, New York",4671,4708,4717,4645,4630,4620,4666,4709,4739,4757
1620000US3654716,3654716,"Olean city, New York",14452,14426,14403,14290,14194,14115,14031,13878,13807,13711
1620000US3654837,3654837,"Oneida city, New York",11393,11415,11402,11352,11287,11246,11199,11098,11097,10997
1620000US3654848,3654848,"Oneida Castle village, New York",625,635,634,635,638,637,637,634,631,632
1620000US3654881,3654881,"Oneonta city, New York",13901,13954,13946,13939,13972,13973,13754,13918,14034,14057
1620000US3655266,3655266,"Orchard Park village, New York",3246,3222,3221,3213,3208,3209,3200,3185,3169,3168
1620000US3655365,3655365,"Oriskany village, New York",1400,1401,1403,1396,1398,1391,1386,1374,1362,1359
1620000US3655376,3655376,"Oriskany Falls village, New York",732,718,717,715,715,713,707,703,700,699
1620000US3655530,3655530,"Ossining village, New York",25060,25055,25062,25239,25201,25285,25380,25445,25452,25403
1620000US3655574,3655574,"Oswego city, New York",18142,18151,18142,18073,18112,17994,17868,17753,17566,17465
1620000US3655618,3655618,"Otego village, New York",1010,993,992,985,979,974,964,954,943,936
1620000US3655673,3655673,"Otisville village, New York",1068,1080,1081,1077,1070,1068,1063,1063,1058,1062
1620000US3655816,3655816,"Ovid village, New York",602,611,609,608,607,633,624,620,619,613
1620000US3655882,3655882,"Owego village, New York",3896,3894,3895,3889,3831,3808,3781,3739,3803,3897
1620000US3655948,3655948,"Oxford village, New York",1450,1446,1442,1439,1433,1423,1418,1407,1400,1389
1620000US3656011,3656011,"Oyster Bay Cove village, New York",2197,2221,2224,2232,2240,2255,2265,2267,2271,2275
1620000US3656088,3656088,"Painted Post village, New York",1809,1810,1809,1820,2028,2022,2004,1986,1970,1954
1620000US3656110,3656110,"Palatine Bridge village, New York",737,728,731,766,758,755,757,758,753,752
1620000US3656187,3656187,"Palmyra village, New York",3536,3535,3528,3503,3488,3459,3440,3409,3384,3367
1620000US3656231,3656231,"Panama village, New York",479,479,478,475,472,470,466,461,454,452
1620000US3656341,3656341,"Parish village, New York",450,450,450,448,446,443,442,441,440,438
1620000US3656660,3656660,"Patchogue village, New York",11798,11807,11840,11868,11902,12297,12373,12472,12494,12489
1620000US3656814,3656814,"Pawling village, New York",2347,2317,2318,2317,2331,2319,2308,2296,2311,2310
1620000US3656979,3656979,"Peekskill city, New York",23583,23589,23629,23779,23839,24002,24067,24123,24153,24272
1620000US3657001,3657001,"Pelham village, New York",6910,6866,6878,6918,6935,6977,6998,7018,7028,7016
1620000US3657023,3657023,"Pelham Manor village, New York",5486,5517,5526,5569,5582,5620,5637,5650,5652,5643
1620000US3657177,3657177,"Penn Yan village, New York",5159,5169,5153,5150,5114,5082,5055,5022,4998,4971
1620000US3657243,3657243,"Perry village, New York",3673,3679,3666,3627,3607,3573,3537,3520,3492,3497
1620000US3657518,3657518,"Phelps village, New York",1989,1986,1977,1973,1963,1959,1953,1946,1934,1921
1620000US3657551,3657551,"Philadelphia village, New York",1252,1236,1240,1251,1272,1251,1234,1205,1166,1166
1620000US3657639,3657639,"Philmont village, New York",1379,1371,1369,1356,1349,1342,1332,1320,1306,1290
1620000US3657661,3657661,"Phoenix village, New York",2382,2380,2380,2371,2357,2341,2326,2305,2279,2266
1620000US3657749,3657749,"Piermont village, New York",2510,2505,2511,2531,2541,2555,2568,2574,2568,2576
1620000US3658354,3658354,"Pittsford village, New York",1355,1363,1362,1363,1361,1361,1357,1350,1340,1336
1620000US3658475,3658475,"Plandome village, New York",1349,1371,1373,1381,1391,1394,1407,1430,1444,1462
1620000US3658486,3658486,"Plandome Heights village, New York",1005,1005,1006,1010,1012,1018,1029,1030,1031,1033
1620000US3658497,3658497,"Plandome Manor village, New York",872,873,874,877,880,882,884,890,897,901
1620000US3658574,3658574,"Plattsburgh city, New York",19989,20005,20017,19796,19862,19742,19865,19734,19681,19696
1620000US3658728,3658728,"Pleasantville village, New York",7019,7106,7117,7172,7190,7236,7261,7278,7288,7322
1620000US3658937,3658937,"Poland village, New York",508,508,508,507,504,501,496,490,489,486
1620000US3658992,3658992,"Pomona village, New York",3103,3103,3110,3138,3147,3166,3199,3225,3234,3266
1620000US3659157,3659157,"Poquott village, New York",953,953,954,956,955,953,951,949,945,943
1620000US3659212,3659212,"Port Byron village, New York",1290,1292,1291,1285,1277,1272,1262,1249,1239,1237
1620000US3659223,3659223,"Port Chester village, New York",28967,28954,28998,29190,29266,29460,29561,29657,29725,29711
1620000US3659245,3659245,"Port Dickinson village, New York",1641,1643,1641,1630,1620,1613,1606,1594,1580,1564
1620000US3659333,3659333,"Port Henry village, New York",1194,1194,1192,1185,1171,1158,1147,1138,1128,1120
1620000US3659355,3659355,"Port Jefferson village, New York",7750,7745,7758,7758,7769,7808,7818,7829,7808,7898
1620000US3659388,3659388,"Port Jervis city, New York",8828,8842,8850,8813,8747,8713,8688,8664,8641,8630
1620000US3659454,3659454,"Port Leyden village, New York",672,672,671,673,676,675,675,667,663,659
1620000US3659498,3659498,"Portville village, New York",1014,1014,1012,1005,1001,996,990,980,973,967
1620000US3659531,3659531,"Port Washington North village, New York",3154,3179,3184,3195,3214,3222,3226,3228,3228,3243
1620000US3659564,3659564,"Potsdam village, New York",9428,9451,9446,9608,9585,9743,9740,9699,9720,9688
1620000US3659641,3659641,"Poughkeepsie city, New York",32736,30831,30854,30843,30702,30584,30504,30482,30328,30614
1620000US3659960,3659960,"Pulaski village, New York",2365,2365,2367,2364,2354,2338,2321,2300,2276,2263
1620000US3660422,3660422,"Quogue village, New York",967,971,972,977,979,984,989,994,1003,1013
1620000US3660675,3660675,"Ravena village, New York",3268,3266,3263,3278,3283,3285,3283,3270,3252,3239
1620000US3660829,3660829,"Red Creek village, New York",532,532,531,527,525,520,518,506,501,498
1620000US3660895,3660895,"Red Hook village, New York",1961,1956,1957,1959,1950,1961,1974,1985,1980,1982
1620000US3661115,3661115,"Remsen village, New York",508,508,510,513,512,509,506,502,500,500
1620000US3661148,3661148,"Rensselaer city, New York",9392,9371,9371,9511,9532,9484,9434,9336,9308,9264
1620000US3661159,3661159,"Rensselaer Falls village, New York",332,327,327,328,325,325,321,317,313,311
1620000US3661346,3661346,"Rhinebeck village, New York",2657,2656,2652,2653,2647,2637,2624,2613,2595,2597
1620000US3661434,3661434,"Richburg village, New York",450,450,450,448,444,439,438,432,429,427
1620000US3661489,3661489,"Richfield Springs village, New York",1264,1262,1261,1253,1248,1245,1234,1221,1207,1200
1620000US3661588,3661588,"Richmondville village, New York",918,918,916,914,899,892,883,870,868,864
1620000US3661621,3661621,"Richville village, New York",323,323,323,322,323,321,319,316,309,309
1620000US3662061,3662061,"Riverside village, New York",497,496,496,496,492,488,489,488,485,481
1620000US3663000,3663000,"Rochester city, New York",210565,210693,210480,210859,210868,210900,210228,209511,208710,208046
1620000US3663264,3663264,"Rockville Centre village, New York",24023,24042,24082,24153,24202,24250,24293,24299,24736,24848
1620000US3663418,3663418,"Rome city, New York",33725,33718,33730,33554,32936,32840,32659,32512,32430,32473
1620000US3663770,3663770,"Roslyn village, New York",2770,2790,2793,2791,2800,2811,2816,2829,2859,2913
1620000US3663792,3663792,"Roslyn Estates village, New York",1251,1232,1234,1238,1244,1244,1247,1248,1251,1254
1620000US3663803,3663803,"Roslyn Harbor village, New York",1051,1043,1044,1059,1062,1070,1069,1087,1105,1115
1620000US3663957,3663957,"Round Lake village, New York",623,623,624,623,621,620,617,624,631,684
1620000US3663979,3663979,"Rouses Point village, New York",2209,2209,2210,2201,2197,2187,2179,2164,2159,2152
1620000US3664199,3664199,"Rushville village, New York",677,681,679,676,672,670,671,679,681,676
1620000US3664232,3664232,"Russell Gardens village, New York",945,944,945,949,948,951,953,953,956,958
1620000US3664309,3664309,"Rye city, New York",15720,15704,15726,15825,15861,15962,16002,16040,16044,16009
1620000US3664325,3664325,"Rye Brook village, New York",9347,9329,9361,9401,9424,9476,9505,9547,9592,9589
1620000US3664408,3664408,"Sackets Harbor village, New York",1450,1452,1458,1478,1509,1491,1487,1476,1433,1435
1620000US3664430,3664430,"Saddle Rock village, New York",830,879,880,890,898,903,920,933,948,983
1620000US3664452,3664452,"Sagaponack village, New York",313,313,314,316,317,321,323,324,324,324
1620000US3664485,3664485,"Sag Harbor village, New York",2169,2169,2173,2182,2254,2263,2272,2285,2285,2292
1620000US3664639,3664639,"St. Johnsville village, New York",1732,1751,1754,1732,1720,1708,1699,1688,1678,1676
1620000US3664749,3664749,"Salamanca city, New York",5815,5813,5795,5757,5727,5686,5659,5596,5566,5532
1620000US3664881,3664881,"Saltaire village, New York",37,41,41,41,41,41,41,41,41,41
1620000US3665035,3665035,"Sands Point village, New York",2675,2781,2785,2801,2813,2834,2848,2861,2892,2908
1620000US3665068,3665068,"Sandy Creek village, New York",771,767,767,764,757,755,747,741,733,729
1620000US3665233,3665233,"Saranac Lake village, New York",5406,5410,5412,5402,5391,5361,5340,5312,5285,5283
1620000US3665255,3665255,"Saratoga Springs city, New York",26586,26565,26600,26676,26998,27312,27484,27776,27821,28027
1620000US3665288,3665288,"Saugerties village, New York",3971,3993,3989,3977,3952,3925,3928,3899,3877,3868
1620000US3665354,3665354,"Savona village, New York",827,827,827,829,825,822,813,806,800,795
1620000US3665431,3665431,"Scarsdale village, New York",17166,17127,17162,17320,17452,17608,17730,17876,17988,18079
1620000US3665475,3665475,"Schaghticoke village, New York",592,592,591,591,589,590,591,589,589,586
1620000US3665508,3665508,"Schenectady city, New York",66135,66156,66156,66131,66151,65952,65968,65659,65268,65625
1620000US3665585,3665585,"Schoharie village, New York",922,916,915,890,858,850,845,834,836,831
1620000US3665750,3665750,"Schuylerville village, New York",1386,1390,1391,1392,1395,1390,1381,1382,1366,1366
1620000US3665893,3665893,"Scotia village, New York",7729,7744,7760,7750,7742,7824,7821,7776,7726,7707
1620000US3665959,3665959,"Scottsville village, New York",2001,2015,2016,2017,2003,1991,1986,1973,1957,1950
1620000US3666047,3666047,"Sea Cliff village, New York",4995,5028,5035,5053,5062,5072,5080,5084,5094,5100
1620000US3666663,3666663,"Sharon Springs village, New York",558,563,562,561,551,549,542,535,534,532
1620000US3666883,3666883,"Sherburne village, New York",1367,1367,1365,1361,1354,1345,1340,1329,1322,1314
1620000US3666949,3666949,"Sherman village, New York",730,730,728,724,719,716,708,700,693,689
1620000US3666993,3666993,"Sherrill city, New York",3071,3071,3068,3076,3070,3076,3073,3055,3040,3036
1620000US3667191,3667191,"Shoreham village, New York",531,535,535,542,541,543,542,541,536,536
1620000US3667257,3667257,"Shortsville village, New York",1439,1435,1427,1419,1422,1445,1439,1439,1436,1423
1620000US3667334,3667334,"Sidney village, New York",3900,3898,3889,3858,3819,3785,3804,3744,3693,3653
1620000US3667411,3667411,"Silver Creek village, New York",2656,2656,2650,2633,2615,2600,2578,2548,2522,2507
1620000US3667466,3667466,"Silver Springs village, New York",782,776,774,768,766,759,752,749,743,743
1620000US3667488,3667488,"Sinclairville village, New York",588,588,587,583,582,577,574,568,560,558
1620000US3667510,3667510,"Skaneateles village, New York",2450,2452,2453,2470,2459,2462,2466,2479,2492,2482
1620000US3667638,3667638,"Sleepy Hollow village, New York",9870,9865,9883,9951,9976,10042,10230,10254,10241,10218
1620000US3667686,3667686,"Sloan village, New York",3661,3655,3652,3646,3638,3637,3627,3610,3593,3585
1620000US3667708,3667708,"Sloatsburg village, New York",3039,3039,3046,3079,3094,3119,3140,3148,3141,3148
1620000US3668099,3668099,"Smyrna village, New York",213,231,230,229,230,227,228,226,224,223
1620000US3668209,3668209,"Sodus village, New York",1819,1819,1816,1800,1792,1780,1768,1752,1740,1731
1620000US3668242,3668242,"Sodus Point village, New York",900,900,898,894,893,885,884,876,877,879
1620000US3668286,3668286,"Solvay village, New York",6584,6587,6587,6567,6534,6514,6482,6446,6395,6341
1620000US3668462,3668462,"Southampton village, New York",3109,3106,3111,3138,3151,3184,3210,3264,3291,3306
1620000US3668610,3668610,"South Blooming Grove village, New York",3234,3223,3226,3217,3195,3184,3179,3175,3169,3171
1620000US3668847,3668847,"South Corning village, New York",1145,1148,1148,1146,1136,1132,1126,1114,1105,1098
1620000US3668891,3668891,"South Dayton village, New York",620,620,619,614,611,607,602,595,595,591
1620000US3669023,3669023,"South Floral Park village, New York",1764,1770,1773,1779,1780,1784,1788,1793,1800,1803
1620000US3669078,3669078,"South Glens Falls village, New York",3518,3512,3519,3530,3620,3605,3592,3592,3575,3614
1620000US3669441,3669441,"South Nyack village, New York",3510,3512,3519,3559,3576,3565,3537,3544,3541,3551
1620000US3670123,3670123,"Speculator village, New York",324,322,322,321,320,317,313,312,303,302
1620000US3670167,3670167,"Spencer village, New York",759,764,763,760,749,744,739,729,720,712
1620000US3670189,3670189,"Spencerport village, New York",3601,3603,3602,3603,3596,3594,3612,3608,3668,3659
1620000US3670420,3670420,"Spring Valley village, New York",31347,31334,31463,31943,32093,32320,32493,32613,32592,32724
1620000US3670442,3670442,"Springville village, New York",4296,4294,4291,4283,4270,4365,4352,4343,4301,4301
1620000US3670618,3670618,"Stamford village, New York",1119,1119,1116,1112,1102,1097,1089,1071,1055,1044
1620000US3671267,3671267,"Stewart Manor village, New York",1896,1964,1967,1974,1976,1981,1982,1984,1985,1986
1620000US3671322,3671322,"Stillwater village, New York",1738,1737,1739,1742,1737,1740,1730,1739,1723,1725
1620000US3671894,3671894,"Suffern village, New York",10723,10717,10740,10822,10860,10928,10970,10994,10966,10995
1620000US3672521,3672521,"Sylvan Beach village, New York",897,897,896,896,895,893,894,889,885,884
1620000US3673000,3673000,"Syracuse city, New York",145170,145208,145283,144664,144641,145406,144815,144400,143941,143396
1620000US3673143,3673143,"Tannersville village, New York",539,537,535,532,528,524,519,515,515,515
1620000US3673176,3673176,"Tarrytown village, New York",11277,11242,11263,11338,11380,11456,11508,11553,11578,11572
1620000US3673517,3673517,"Theresa village, New York",863,861,863,870,885,868,856,838,811,808
1620000US3673605,3673605,"Thomaston village, New York",2617,2709,2713,2723,2734,2738,2747,2746,2745,2750
1620000US3674023,3674023,"Tivoli village, New York",1118,1118,1119,1119,1113,1107,1103,1097,1094,1096
1620000US3674166,3674166,"Tonawanda city, New York",15130,15166,15159,15129,15102,15101,15059,14990,14923,14904
1620000US3675484,3675484,"Troy city, New York",50129,50161,50084,50031,49879,49973,50038,49882,49703,49565
1620000US3675506,3675506,"Trumansburg village, New York",1797,1787,1792,1803,1818,1831,1826,1824,1823,1815
1620000US3675583,3675583,"Tuckahoe village, New York",6486,6509,6518,6560,6582,6623,6654,6668,6673,6657
1620000US3675627,3675627,"Tully village, New York",873,869,871,875,871,869,867,866,866,861
1620000US3675671,3675671,"Tupper Lake village, New York",3667,3665,3664,3645,3641,3613,3593,3558,3536,3523
1620000US3675682,3675682,"Turin village, New York",232,232,232,232,234,234,233,231,230,228
1620000US3675803,3675803,"Tuxedo Park village, New York",623,620,621,618,614,610,608,607,606,605
1620000US3676001,3676001,"Unadilla village, New York",1128,1114,1115,1109,1102,1100,1091,1081,1071,1063
1620000US3676155,3676155,"Union Springs village, New York",1197,1196,1197,1194,1193,1191,1186,1178,1169,1162
1620000US3676210,3676210,"Unionville village, New York",612,612,613,610,604,604,600,599,597,596
1620000US3676331,3676331,"Upper Brookville village, New York",1698,1707,1709,1721,1731,1743,1750,1757,1761,1772
1620000US3676386,3676386,"Upper Nyack village, New York",2063,2063,2068,2100,2107,2128,2152,2181,2180,2197
1620000US3676540,3676540,"Utica city, New York",62235,62238,62210,62061,61906,61761,61424,61065,60716,60635
1620000US3676617,3676617,"Valatie village, New York",1819,1819,1813,1795,1782,1857,1928,1905,1889,1878
1620000US3676672,3676672,"Valley Falls village, New York",466,468,468,467,469,465,464,463,461,459
1620000US3676705,3676705,"Valley Stream village, New York",37511,37363,37411,37534,37609,37681,37753,37875,37884,37935
1620000US3676881,3676881,"Van Etten village, New York",537,534,534,534,533,530,524,519,513,509
1620000US3677112,3677112,"Vernon village, New York",1172,1172,1171,1174,1176,1177,1175,1168,1165,1170
1620000US3677376,3677376,"Victor village, New York",2696,2771,2768,2771,2774,2775,2773,2759,2736,2717
1620000US3677431,3677431,"Victory village, New York",605,603,606,603,603,601,598,595,588,589
1620000US3677519,3677519,"Village of the Branch village, New York",1807,1811,1812,1817,1815,1818,1815,1811,1801,1806
1620000US3677684,3677684,"Voorheesville village, New York",2789,2789,2789,2806,2812,2814,2832,2823,2816,2826
1620000US3677728,3677728,"Waddington village, New York",972,972,975,972,973,967,965,962,952,952
1620000US3677849,3677849,"Walden village, New York",6978,6892,6899,6875,6831,6803,6787,6773,6755,6748
1620000US3678036,3678036,"Walton village, New York",3088,3088,3081,3056,3025,2996,2964,2919,2883,2851
1620000US3678113,3678113,"Wampsville village, New York",543,537,538,541,558,544,546,538,525,518
1620000US3678168,3678168,"Wappingers Falls village, New York",5522,5483,5485,5468,5453,5544,5567,5530,5499,5508
1620000US3678333,3678333,"Warsaw village, New York",3473,3467,3463,3438,3417,3384,3385,3360,3336,3335
1620000US3678355,3678355,"Warwick village, New York",6731,6719,6779,6802,6772,6773,6776,6805,6816,6828
1620000US3678465,3678465,"Washingtonville village, New York",5899,5898,5904,5876,5835,5807,5788,5781,5771,5773
1620000US3678520,3678520,"Waterford village, New York",1990,1998,2000,1996,1988,1987,1975,2048,2180,2226
1620000US3678553,3678553,"Waterloo village, New York",5171,5163,5151,5153,5132,5094,5045,5028,4979,4936
1620000US3678608,3678608,"Watertown city, New York",27023,26816,26877,27021,27656,27202,27107,26548,25709,25687
1620000US3678663,3678663,"Waterville village, New York",1583,1582,1584,1575,1574,1564,1557,1549,1537,1536
1620000US3678674,3678674,"Watervliet city, New York",10254,10254,10245,10248,10266,10273,10260,10226,10169,10131
1620000US3678696,3678696,"Watkins Glen village, New York",1859,1856,1852,1855,1856,1859,1863,1837,1881,1919
1620000US3678806,3678806,"Waverly village, New York",4444,4443,4435,4412,4354,4350,4311,4260,4195,4161
1620000US3678850,3678850,"Wayland village, New York",1865,1861,1860,1858,1843,1837,1823,1805,1794,1780
1620000US3678960,3678960,"Webster village, New York",5399,5348,5346,5441,5530,5535,5520,5525,5545,5652
1620000US3679015,3679015,"Weedsport village, New York",1815,1815,1813,1808,1799,1792,1775,1760,1746,1735
1620000US3679081,3679081,"Wellsburg village, New York",580,576,576,575,575,569,561,560,553,548
1620000US3679092,3679092,"Wellsville village, New York",4679,4679,4673,4643,4615,4593,4567,4516,4479,4451
1620000US3679174,3679174,"Wesley Hills village, New York",5628,5623,5640,5696,5765,5832,5882,5915,5906,5938
1620000US3679444,3679444,"Westbury village, New York",15146,15039,15069,15161,15223,15285,15356,15398,15437,15493
1620000US3679499,3679499,"West Carthage village, New York",2012,2012,2020,2046,2090,2065,2060,2044,1982,1986
1620000US3679939,3679939,"Westfield village, New York",3224,3224,3210,3192,3166,3140,3115,3078,3053,3036
1620000US3680181,3680181,"Westhampton Beach village, New York",1721,1715,1717,1725,1725,1741,1754,1768,1766,1806
1620000US3680186,3680186,"West Hampton Dunes village, New York",55,55,55,56,56,57,57,58,58,58
1620000US3680203,3680203,"West Haverstraw village, New York",10165,10138,10150,10220,10260,10325,10364,10380,10360,10388
1620000US3681292,3681292,"West Winfield village, New York",826,826,826,823,820,886,876,865,863,863
1620000US3681622,3681622,"Whitehall village, New York",2614,2620,2623,2613,2608,2596,2586,2579,2562,2554
1620000US3681677,3681677,"White Plains city, New York",56853,56866,56970,57272,57413,57914,58077,58455,58499,59047
1620000US3681710,3681710,"Whitesboro village, New York",3772,3766,3763,3751,3746,3736,3712,3693,3673,3668
1620000US3681831,3681831,"Whitney Point village, New York",964,963,962,956,951,947,943,934,924,915
1620000US3682084,3682084,"Williamsville village, New York",5300,5314,5301,5310,5294,5312,5295,5289,5264,5292
1620000US3682117,3682117,"Williston Park village, New York",7287,7258,7269,7289,7307,7319,7332,7337,7347,7360
1620000US3682359,3682359,"Wilson village, New York",1264,1264,1263,1259,1257,1251,1244,1235,1231,1226
1620000US3682524,3682524,"Windsor village, New York",916,918,917,913,909,907,902,895,889,881
1620000US3682678,3682678,"Wolcott village, New York",1701,1703,1697,1687,1680,1666,1656,1642,1633,1623
1620000US3682750,3682750,"Woodbury village, New York",10686,10793,10807,10811,10801,10841,10940,10999,11004,11075
1620000US3682953,3682953,"Woodridge village, New York",847,830,830,822,818,817,801,788,788,785
1620000US3682986,3682986,"Woodsburgh village, New York",778,776,777,780,782,784,783,786,786,788
1620000US3683272,3683272,"Wurtsboro village, New York",1246,1240,1238,1225,1219,1215,1188,1170,1169,1164
1620000US3683371,3683371,"Wyoming village, New York",434,437,438,435,436,430,429,429,423,423
1620000US3684000,3684000,"Yonkers city, New York",195976,195993,196454,197852,198532,199606,200484,201111,201738,202019
1620000US3684099,3684099,"Yorkville village, New York",2689,2683,2681,2672,2666,2660,2643,2627,2614,2610
1620000US3684143,3684143,"Youngstown village, New York",1935,1969,1967,1958,1943,1934,1928,1919,1909,1901
